ticket_id,created_at,week,queue,category,channel,resolution_minutes,first_contact_resolution,csat,escalated
TKT-0001,2026-03-27,2026-W13,Account,Subscription change,Chat,9,1,,0
TKT-0002,2026-02-28,2026-W09,Account,Sign-in,Chat,4,1,4.0,1
TKT-0003,2026-02-02,2026-W06,Playback,Video quality,Email,25,1,4.2,0
TKT-0004,2026-02-17,2026-W08,Account,Profile settings,Chat,20,1,4.6,0
TKT-0005,2026-02-22,2026-W08,Account,Profile settings,Email,13,1,4.7,0
TKT-0006,2026-02-03,2026-W06,Billing,Payment failed,Phone,37,0,4.1,0
TKT-0007,2026-02-19,2026-W08,Account,Profile settings,Email,19,1,4.4,0
TKT-0008,2026-03-05,2026-W10,Playback,Audio and subtitles,Email,32,1,5.0,0
TKT-0009,2026-02-14,2026-W07,Playback,Buffering,Chat,29,0,4.0,0
TKT-0010,2026-03-28,2026-W13,Playback,Video quality,Chat,18,1,4.0,0
TKT-0011,2026-02-20,2026-W08,Account,Sign-in,Chat,25,1,,1
TKT-0012,2026-03-26,2026-W13,Account,Subscription change,Chat,26,1,4.8,0
TKT-0013,2026-01-06,2026-W02,Billing,Payment failed,Email,41,1,3.9,0
TKT-0014,2026-03-04,2026-W10,Account,Subscription change,Phone,27,1,5.0,0
TKT-0015,2026-02-12,2026-W07,Devices,Device limit,Email,24,1,4.1,0
TKT-0016,2026-01-05,2026-W02,Billing,Refund request,Chat,35,0,,0
TKT-0017,2026-03-18,2026-W12,Devices,Device activation,Email,31,0,4.5,0
TKT-0018,2026-03-16,2026-W12,Account,Subscription change,Phone,28,1,4.7,0
TKT-0019,2026-02-13,2026-W07,Playback,Audio and subtitles,Email,28,1,,0
TKT-0020,2026-02-02,2026-W06,Account,Sign-in,Email,32,1,4.9,0
TKT-0021,2026-01-09,2026-W02,Devices,Device activation,Chat,15,1,4.1,0
TKT-0022,2026-03-19,2026-W12,Playback,Video quality,Email,31,1,4.2,1
TKT-0023,2026-01-11,2026-W02,Billing,Invoice question,Chat,35,1,3.9,0
TKT-0024,2026-03-03,2026-W10,Account,Sign-in,Chat,4,1,5.0,0
TKT-0025,2026-01-11,2026-W02,Billing,Invoice question,Email,46,0,3.7,0
TKT-0026,2026-02-01,2026-W05,Devices,Device activation,Chat,38,1,3.9,0
TKT-0027,2026-03-17,2026-W12,Billing,Refund request,Chat,24,1,4.0,0
TKT-0028,2026-01-12,2026-W03,Account,Profile settings,Chat,19,0,4.4,0
TKT-0029,2026-03-22,2026-W12,Account,Sign-in,Chat,14,0,,0
TKT-0030,2026-03-20,2026-W12,Playback,Video quality,Phone,28,1,4.0,0
TKT-0031,2026-02-12,2026-W07,Playback,Buffering,Chat,31,1,,0
TKT-0032,2026-03-14,2026-W11,Account,Profile settings,Chat,17,1,5.0,0
TKT-0033,2026-03-15,2026-W11,Billing,Invoice question,Phone,34,0,3.6,0
TKT-0034,2026-01-18,2026-W03,Devices,Device activation,Chat,30,0,4.3,0
TKT-0035,2026-02-17,2026-W08,Account,Subscription change,Phone,22,1,4.6,0
TKT-0036,2026-02-09,2026-W07,Account,Profile settings,Email,22,1,4.2,0
TKT-0037,2026-01-06,2026-W02,Account,Subscription change,Phone,16,1,,0
TKT-0038,2026-02-13,2026-W07,Playback,Buffering,Phone,27,1,,0
TKT-0039,2026-03-17,2026-W12,Devices,Compatibility,Phone,33,1,4.6,0
TKT-0040,2026-01-27,2026-W05,Devices,Device activation,Chat,17,0,4.3,0
TKT-0041,2026-02-05,2026-W06,Playback,Audio and subtitles,Chat,26,0,4.8,0
TKT-0042,2026-02-13,2026-W07,Devices,Device activation,Chat,26,1,4.4,0
TKT-0043,2026-02-18,2026-W08,Billing,Refund request,Email,59,0,4.1,0
TKT-0044,2026-03-20,2026-W12,Devices,Compatibility,Chat,28,1,4.0,0
TKT-0045,2026-01-19,2026-W04,Playback,Audio and subtitles,Chat,11,1,4.2,0
TKT-0046,2026-01-30,2026-W05,Playback,Buffering,Phone,27,0,4.0,0
TKT-0047,2026-03-10,2026-W11,Playback,Video quality,Chat,28,1,5.0,0
TKT-0048,2026-01-27,2026-W05,Billing,Refund request,Chat,35,0,4.6,0
TKT-0049,2026-02-15,2026-W07,Playback,Video quality,Email,45,1,4.2,0
TKT-0050,2026-02-10,2026-W07,Playback,Audio and subtitles,Email,34,1,4.7,0
TKT-0051,2026-01-23,2026-W04,Account,Sign-in,Phone,5,1,4.8,0
TKT-0052,2026-02-23,2026-W09,Playback,Buffering,Chat,34,1,3.8,0
TKT-0053,2026-02-02,2026-W06,Account,Subscription change,Chat,21,1,4.3,0
TKT-0054,2026-03-13,2026-W11,Devices,Device limit,Chat,33,1,3.6,0
TKT-0055,2026-03-16,2026-W12,Playback,Buffering,Email,33,1,5.0,0
TKT-0056,2026-03-12,2026-W11,Playback,Buffering,Chat,23,1,4.8,0
TKT-0057,2026-01-22,2026-W04,Account,Profile settings,Email,17,1,4.5,1
TKT-0058,2026-01-31,2026-W05,Devices,Compatibility,Phone,40,1,3.7,0
TKT-0059,2026-01-05,2026-W02,Devices,Compatibility,Email,26,0,4.3,0
TKT-0060,2026-03-23,2026-W13,Devices,Compatibility,Chat,25,1,4.4,1
TKT-0061,2026-01-26,2026-W05,Devices,Device activation,Phone,23,1,,0
TKT-0062,2026-02-28,2026-W09,Account,Profile settings,Chat,10,1,4.3,0
TKT-0063,2026-02-09,2026-W07,Billing,Refund request,Chat,54,1,4.1,1
TKT-0064,2026-03-29,2026-W13,Account,Subscription change,Chat,16,1,4.6,0
TKT-0065,2026-03-06,2026-W10,Billing,Invoice question,Phone,35,1,3.4,0
TKT-0066,2026-01-19,2026-W04,Billing,Payment failed,Phone,32,1,3.3,1
TKT-0067,2026-02-24,2026-W09,Devices,Device activation,Chat,10,1,,0
TKT-0068,2026-02-12,2026-W07,Devices,Device limit,Email,46,0,4.2,0
TKT-0069,2026-01-13,2026-W03,Playback,Video quality,Chat,18,1,4.5,0
TKT-0070,2026-03-04,2026-W10,Billing,Refund request,Chat,19,1,3.6,0
TKT-0071,2026-03-05,2026-W10,Playback,Audio and subtitles,Email,39,1,4.3,0
TKT-0072,2026-03-05,2026-W10,Playback,Audio and subtitles,Chat,26,1,4.7,0
TKT-0073,2026-02-17,2026-W08,Playback,Audio and subtitles,Email,43,1,3.9,1
TKT-0074,2026-03-08,2026-W10,Playback,Buffering,Email,34,1,4.3,0
TKT-0075,2026-02-05,2026-W06,Playback,Audio and subtitles,Chat,34,1,4.3,0
TKT-0076,2026-03-04,2026-W10,Playback,Video quality,Chat,23,1,3.5,0
TKT-0077,2026-01-29,2026-W05,Account,Profile settings,Chat,4,1,4.0,0
TKT-0078,2026-02-11,2026-W07,Account,Sign-in,Chat,19,1,4.7,0
TKT-0079,2026-01-21,2026-W04,Billing,Refund request,Chat,25,1,4.2,0
TKT-0080,2026-02-06,2026-W06,Devices,Compatibility,Chat,17,1,4.0,0
TKT-0081,2026-03-18,2026-W12,Devices,Device activation,Phone,22,1,3.9,0
TKT-0082,2026-03-12,2026-W11,Playback,Video quality,Chat,22,1,4.4,0
TKT-0083,2026-01-17,2026-W03,Devices,Device activation,Email,45,1,4.3,1
TKT-0084,2026-02-26,2026-W09,Playback,Audio and subtitles,Chat,21,1,,0
TKT-0085,2026-02-03,2026-W06,Devices,Device limit,Email,51,0,,0
TKT-0086,2026-02-02,2026-W06,Billing,Refund request,Email,47,1,4.3,1
TKT-0087,2026-02-10,2026-W07,Playback,Video quality,Email,24,1,,0
TKT-0088,2026-01-10,2026-W02,Devices,Device limit,Chat,32,1,4.0,1
TKT-0089,2026-01-07,2026-W02,Devices,Device limit,Email,28,1,3.8,0
TKT-0090,2026-02-09,2026-W07,Account,Subscription change,Chat,15,1,4.4,0
TKT-0091,2026-01-18,2026-W03,Devices,Compatibility,Chat,30,1,4.2,0
TKT-0092,2026-01-16,2026-W03,Playback,Video quality,Chat,22,0,4.9,0
TKT-0093,2026-03-05,2026-W10,Playback,Buffering,Chat,24,1,4.7,0
TKT-0094,2026-01-21,2026-W04,Devices,Compatibility,Phone,41,1,4.0,1
TKT-0095,2026-02-13,2026-W07,Playback,Audio and subtitles,Chat,13,1,,0
TKT-0096,2026-01-20,2026-W04,Billing,Payment failed,Chat,30,0,4.6,0
TKT-0097,2026-02-05,2026-W06,Playback,Buffering,Chat,35,0,3.6,0
TKT-0098,2026-02-27,2026-W09,Playback,Audio and subtitles,Chat,29,1,4.0,0
TKT-0099,2026-01-24,2026-W04,Playback,Video quality,Chat,18,1,4.4,0
TKT-0100,2026-02-04,2026-W06,Playback,Buffering,Phone,13,1,4.5,0
TKT-0101,2026-03-29,2026-W13,Devices,Compatibility,Phone,31,1,4.5,0
TKT-0102,2026-01-17,2026-W03,Playback,Video quality,Chat,27,1,4.3,0
TKT-0103,2026-02-07,2026-W06,Playback,Audio and subtitles,Chat,20,1,3.9,0
TKT-0104,2026-03-26,2026-W13,Billing,Refund request,Phone,33,1,3.2,1
TKT-0105,2026-01-16,2026-W03,Playback,Buffering,Email,43,1,,1
TKT-0106,2026-02-15,2026-W07,Billing,Refund request,Chat,37,1,4.1,0
TKT-0107,2026-01-27,2026-W05,Account,Profile settings,Email,18,1,4.4,0
TKT-0108,2026-02-06,2026-W06,Billing,Refund request,Phone,48,1,3.4,1
TKT-0109,2026-03-27,2026-W13,Devices,Device limit,Chat,35,0,3.9,0
TKT-0110,2026-03-19,2026-W12,Playback,Video quality,Phone,30,1,4.4,0
TKT-0111,2026-01-11,2026-W02,Devices,Device limit,Chat,36,0,3.7,0
TKT-0112,2026-03-27,2026-W13,Account,Profile settings,Email,18,1,4.2,0
TKT-0113,2026-03-28,2026-W13,Account,Profile settings,Chat,5,1,4.6,0
TKT-0114,2026-01-30,2026-W05,Account,Subscription change,Phone,27,1,5.0,0
TKT-0115,2026-03-07,2026-W10,Devices,Compatibility,Email,61,1,4.5,1
TKT-0116,2026-02-24,2026-W09,Devices,Device limit,Chat,50,0,3.1,1
TKT-0117,2026-02-07,2026-W06,Playback,Audio and subtitles,Phone,33,1,,0
TKT-0118,2026-03-17,2026-W12,Playback,Audio and subtitles,Chat,29,1,4.3,0
TKT-0119,2026-01-22,2026-W04,Account,Sign-in,Chat,19,1,4.5,0
TKT-0120,2026-03-15,2026-W11,Playback,Audio and subtitles,Email,38,0,3.8,0
TKT-0121,2026-02-09,2026-W07,Account,Profile settings,Chat,4,1,5.0,0
TKT-0122,2026-03-28,2026-W13,Playback,Video quality,Chat,26,0,4.1,0
TKT-0123,2026-03-27,2026-W13,Billing,Payment failed,Chat,33,1,4.0,0
TKT-0124,2026-03-16,2026-W12,Account,Sign-in,Email,25,1,4.3,0
TKT-0125,2026-01-23,2026-W04,Devices,Device limit,Chat,28,1,4.2,0
TKT-0126,2026-02-04,2026-W06,Playback,Buffering,Chat,12,1,4.3,0
TKT-0127,2026-02-20,2026-W08,Playback,Buffering,Chat,22,1,3.6,0
TKT-0128,2026-02-12,2026-W07,Playback,Buffering,Chat,21,1,4.0,0
TKT-0129,2026-01-14,2026-W03,Devices,Compatibility,Email,30,1,3.9,0
TKT-0130,2026-03-22,2026-W12,Playback,Video quality,Chat,32,1,4.8,0
TKT-0131,2026-03-16,2026-W12,Billing,Payment failed,Chat,35,0,3.7,0
TKT-0132,2026-02-14,2026-W07,Playback,Audio and subtitles,Chat,21,0,,0
TKT-0133,2026-03-01,2026-W09,Account,Subscription change,Chat,17,1,4.2,0
TKT-0134,2026-02-26,2026-W09,Playback,Audio and subtitles,Phone,25,1,,0
TKT-0135,2026-02-10,2026-W07,Billing,Refund request,Chat,21,1,3.8,1
TKT-0136,2026-03-17,2026-W12,Playback,Video quality,Email,47,0,4.1,0
TKT-0137,2026-03-28,2026-W13,Playback,Audio and subtitles,Phone,34,0,4.8,0
TKT-0138,2026-02-17,2026-W08,Playback,Buffering,Phone,36,1,,0
TKT-0139,2026-03-13,2026-W11,Account,Profile settings,Chat,25,1,5.0,0
TKT-0140,2026-01-11,2026-W02,Account,Subscription change,Chat,13,1,4.3,0
TKT-0141,2026-02-01,2026-W05,Billing,Payment failed,Chat,27,1,3.8,0
TKT-0142,2026-02-02,2026-W06,Playback,Audio and subtitles,Chat,23,1,4.4,0
TKT-0143,2026-01-20,2026-W04,Account,Subscription change,Chat,10,1,4.1,0
TKT-0144,2026-02-19,2026-W08,Account,Subscription change,Chat,12,1,4.2,0
TKT-0145,2026-03-27,2026-W13,Playback,Buffering,Chat,20,0,3.7,0
TKT-0146,2026-02-20,2026-W08,Account,Sign-in,Chat,19,1,4.6,0
TKT-0147,2026-02-16,2026-W08,Billing,Payment failed,Chat,38,1,3.8,0
TKT-0148,2026-03-28,2026-W13,Devices,Device activation,Chat,36,1,4.4,0
TKT-0149,2026-03-26,2026-W13,Playback,Audio and subtitles,Email,30,1,4.1,0
TKT-0150,2026-03-26,2026-W13,Playback,Video quality,Chat,16,1,4.9,0
TKT-0151,2026-02-13,2026-W07,Playback,Buffering,Chat,33,0,4.1,1
TKT-0152,2026-03-10,2026-W11,Playback,Audio and subtitles,Chat,16,0,4.4,0
TKT-0153,2026-02-15,2026-W07,Billing,Invoice question,Chat,26,1,3.4,1
TKT-0154,2026-03-10,2026-W11,Billing,Payment failed,Chat,42,1,4.4,0
TKT-0155,2026-02-10,2026-W07,Playback,Video quality,Email,39,1,4.1,0
TKT-0156,2026-02-23,2026-W09,Playback,Audio and subtitles,Phone,38,0,4.7,0
TKT-0157,2026-02-18,2026-W08,Playback,Audio and subtitles,Email,38,1,4.3,0
TKT-0158,2026-02-16,2026-W08,Devices,Device limit,Email,43,0,4.6,0
TKT-0159,2026-03-11,2026-W11,Playback,Video quality,Chat,30,0,4.9,0
TKT-0160,2026-01-24,2026-W04,Account,Sign-in,Chat,49,1,4.2,0
TKT-0161,2026-03-25,2026-W13,Account,Profile settings,Chat,4,1,5.0,0
TKT-0162,2026-01-10,2026-W02,Playback,Audio and subtitles,Email,26,0,4.2,0
TKT-0163,2026-02-04,2026-W06,Playback,Video quality,Phone,24,1,3.8,0
TKT-0164,2026-02-22,2026-W08,Playback,Video quality,Phone,34,0,4.2,0
TKT-0165,2026-02-21,2026-W08,Playback,Buffering,Email,44,1,,0
TKT-0166,2026-01-25,2026-W04,Playback,Audio and subtitles,Chat,26,1,4.7,0
TKT-0167,2026-01-08,2026-W02,Playback,Video quality,Chat,23,1,4.4,0
TKT-0168,2026-03-29,2026-W13,Playback,Buffering,Chat,23,1,4.3,0
TKT-0169,2026-03-03,2026-W10,Billing,Payment failed,Chat,50,1,3.6,1
TKT-0170,2026-02-10,2026-W07,Account,Sign-in,Chat,13,1,4.7,0
TKT-0171,2026-03-22,2026-W12,Playback,Audio and subtitles,Chat,15,1,4.7,0
TKT-0172,2026-02-27,2026-W09,Account,Subscription change,Chat,8,0,4.4,0
TKT-0173,2026-03-16,2026-W12,Account,Profile settings,Chat,16,1,,0
TKT-0174,2026-02-04,2026-W06,Billing,Invoice question,Chat,25,1,3.9,0
TKT-0175,2026-03-28,2026-W13,Account,Subscription change,Chat,22,1,5.0,0
TKT-0176,2026-03-04,2026-W10,Account,Sign-in,Chat,26,1,3.2,1
TKT-0177,2026-03-15,2026-W11,Playback,Buffering,Email,31,1,4.7,0
TKT-0178,2026-01-20,2026-W04,Billing,Refund request,Phone,34,0,4.3,0
TKT-0179,2026-03-09,2026-W11,Playback,Audio and subtitles,Chat,23,1,4.7,0
TKT-0180,2026-02-11,2026-W07,Playback,Buffering,Chat,24,1,4.6,0
TKT-0181,2026-03-03,2026-W10,Account,Profile settings,Email,29,1,5.0,0
TKT-0182,2026-02-25,2026-W09,Playback,Audio and subtitles,Email,37,0,4.2,0
TKT-0183,2026-01-13,2026-W03,Account,Subscription change,Chat,14,1,4.2,0
TKT-0184,2026-02-21,2026-W08,Playback,Buffering,Email,17,1,4.4,0
TKT-0185,2026-01-28,2026-W05,Playback,Video quality,Phone,33,1,4.5,0
TKT-0186,2026-03-08,2026-W10,Account,Sign-in,Phone,30,1,5.0,0
TKT-0187,2026-02-14,2026-W07,Billing,Invoice question,Chat,38,1,3.9,0
TKT-0188,2026-03-27,2026-W13,Account,Profile settings,Chat,4,1,4.8,0
TKT-0189,2026-03-16,2026-W12,Playback,Video quality,Email,31,1,,0
TKT-0190,2026-02-13,2026-W07,Playback,Audio and subtitles,Email,34,1,4.2,0
TKT-0191,2026-03-28,2026-W13,Account,Profile settings,Email,24,1,4.2,0
TKT-0192,2026-01-21,2026-W04,Playback,Buffering,Email,42,1,5.0,0
TKT-0193,2026-03-12,2026-W11,Devices,Device activation,Chat,31,1,4.6,0
TKT-0194,2026-03-10,2026-W11,Billing,Invoice question,Phone,37,1,3.7,0
TKT-0195,2026-03-18,2026-W12,Account,Sign-in,Chat,16,0,4.8,0
TKT-0196,2026-03-25,2026-W13,Billing,Refund request,Phone,37,1,4.5,0
TKT-0197,2026-02-25,2026-W09,Playback,Buffering,Email,26,1,4.5,0
TKT-0198,2026-02-14,2026-W07,Billing,Refund request,Phone,33,1,4.0,0
TKT-0199,2026-02-08,2026-W06,Playback,Buffering,Chat,20,1,4.2,0
TKT-0200,2026-01-25,2026-W04,Devices,Device limit,Email,45,1,4.2,0
TKT-0201,2026-03-09,2026-W11,Account,Profile settings,Chat,15,0,4.6,0
TKT-0202,2026-03-29,2026-W13,Billing,Refund request,Chat,41,0,3.6,0
TKT-0203,2026-02-20,2026-W08,Account,Sign-in,Email,30,1,4.9,0
TKT-0204,2026-02-09,2026-W07,Devices,Device limit,Email,26,1,4.7,0
TKT-0205,2026-02-20,2026-W08,Billing,Payment failed,Email,66,1,3.9,1
TKT-0206,2026-03-12,2026-W11,Playback,Audio and subtitles,Phone,26,1,4.8,0
TKT-0207,2026-02-12,2026-W07,Billing,Invoice question,Email,39,1,4.8,0
TKT-0208,2026-01-19,2026-W04,Devices,Device limit,Chat,20,0,3.7,0
TKT-0209,2026-03-29,2026-W13,Billing,Invoice question,Email,49,0,4.5,0
TKT-0210,2026-02-22,2026-W08,Account,Subscription change,Chat,19,1,5.0,0
TKT-0211,2026-02-26,2026-W09,Billing,Refund request,Chat,39,1,3.7,0
TKT-0212,2026-03-12,2026-W11,Account,Profile settings,Phone,28,1,4.6,0
TKT-0213,2026-03-15,2026-W11,Playback,Audio and subtitles,Email,14,0,4.3,0
TKT-0214,2026-02-12,2026-W07,Account,Profile settings,Email,14,1,4.7,0
TKT-0215,2026-02-09,2026-W07,Playback,Audio and subtitles,Email,41,1,3.5,0
TKT-0216,2026-02-11,2026-W07,Account,Subscription change,Chat,16,0,4.2,0
TKT-0217,2026-02-08,2026-W06,Devices,Device limit,Chat,27,1,4.4,0
TKT-0218,2026-02-02,2026-W06,Billing,Payment failed,Chat,30,1,4.0,0
TKT-0219,2026-01-25,2026-W04,Playback,Video quality,Chat,19,1,4.8,0
TKT-0220,2026-01-16,2026-W03,Billing,Payment failed,Chat,36,0,3.8,0
TKT-0221,2026-01-27,2026-W05,Devices,Device activation,Phone,50,1,3.9,0
TKT-0222,2026-01-09,2026-W02,Account,Subscription change,Email,12,0,4.6,0
TKT-0223,2026-01-22,2026-W04,Devices,Compatibility,Chat,25,0,3.5,0
TKT-0224,2026-01-06,2026-W02,Billing,Refund request,Email,64,0,2.8,1
TKT-0225,2026-03-11,2026-W11,Playback,Video quality,Email,31,1,4.7,0
TKT-0226,2026-02-04,2026-W06,Playback,Video quality,Phone,40,1,4.4,0
TKT-0227,2026-01-12,2026-W03,Billing,Refund request,Chat,41,1,3.7,0
TKT-0228,2026-01-20,2026-W04,Billing,Refund request,Chat,24,1,4.2,0
TKT-0229,2026-02-21,2026-W08,Playback,Audio and subtitles,Phone,35,1,3.8,0
TKT-0230,2026-03-22,2026-W12,Devices,Device activation,Chat,30,1,4.3,0
TKT-0231,2026-03-10,2026-W11,Account,Subscription change,Chat,20,1,4.9,0
TKT-0232,2026-01-16,2026-W03,Devices,Compatibility,Email,34,1,4.3,0
TKT-0233,2026-02-13,2026-W07,Billing,Refund request,Chat,39,1,4.3,0
TKT-0234,2026-03-15,2026-W11,Devices,Device activation,Phone,34,1,4.5,0
TKT-0235,2026-03-28,2026-W13,Devices,Compatibility,Phone,39,1,4.2,0
TKT-0236,2026-03-15,2026-W11,Account,Profile settings,Chat,31,0,5.0,0
TKT-0237,2026-01-07,2026-W02,Devices,Compatibility,Email,39,1,3.9,0
TKT-0238,2026-02-09,2026-W07,Account,Subscription change,Email,9,1,4.1,0
TKT-0239,2026-02-04,2026-W06,Account,Sign-in,Email,26,1,,0
TKT-0240,2026-03-02,2026-W10,Account,Sign-in,Email,18,1,4.8,0
TKT-0241,2026-03-19,2026-W12,Playback,Audio and subtitles,Email,50,0,4.7,0
TKT-0242,2026-02-26,2026-W09,Playback,Buffering,Chat,23,1,4.2,0
TKT-0243,2026-01-11,2026-W02,Devices,Device limit,Email,28,0,4.2,0
TKT-0244,2026-03-14,2026-W11,Playback,Buffering,Chat,30,1,3.5,0
TKT-0245,2026-03-17,2026-W12,Playback,Video quality,Chat,17,1,4.5,0
TKT-0246,2026-01-29,2026-W05,Account,Profile settings,Email,20,1,4.7,0
TKT-0247,2026-03-17,2026-W12,Account,Sign-in,Phone,8,1,,0
TKT-0248,2026-01-29,2026-W05,Devices,Device activation,Email,33,0,3.5,0
TKT-0249,2026-02-04,2026-W06,Playback,Video quality,Chat,23,1,4.8,0
TKT-0250,2026-01-17,2026-W03,Billing,Invoice question,Chat,26,0,4.2,0
TKT-0251,2026-02-02,2026-W06,Billing,Payment failed,Chat,28,0,4.0,0
TKT-0252,2026-02-22,2026-W08,Playback,Buffering,Chat,23,1,5.0,0
TKT-0253,2026-03-28,2026-W13,Billing,Refund request,Chat,36,0,3.2,1
TKT-0254,2026-03-15,2026-W11,Devices,Device activation,Chat,33,0,,1
TKT-0255,2026-01-22,2026-W04,Devices,Device activation,Chat,25,1,4.7,0
TKT-0256,2026-03-24,2026-W13,Devices,Device limit,Chat,31,1,,0
TKT-0257,2026-03-13,2026-W11,Billing,Invoice question,Phone,33,1,3.6,0
TKT-0258,2026-01-18,2026-W03,Devices,Device limit,Chat,29,1,3.9,0
TKT-0259,2026-02-21,2026-W08,Devices,Compatibility,Email,31,0,3.4,0
TKT-0260,2026-03-29,2026-W13,Billing,Payment failed,Chat,24,1,,0
TKT-0261,2026-03-01,2026-W09,Billing,Refund request,Email,42,0,3.8,1
TKT-0262,2026-03-18,2026-W12,Playback,Buffering,Phone,31,1,4.3,0
TKT-0263,2026-02-14,2026-W07,Account,Sign-in,Email,18,1,4.9,0
TKT-0264,2026-02-04,2026-W06,Playback,Video quality,Email,35,1,4.5,0
TKT-0265,2026-01-15,2026-W03,Playback,Video quality,Chat,13,1,4.4,0
TKT-0266,2026-02-24,2026-W09,Devices,Compatibility,Chat,8,1,3.7,0
TKT-0267,2026-03-01,2026-W09,Account,Subscription change,Email,36,1,4.7,0
TKT-0268,2026-01-24,2026-W04,Playback,Audio and subtitles,Chat,21,1,,0
TKT-0269,2026-02-13,2026-W07,Playback,Video quality,Chat,16,1,,0
TKT-0270,2026-01-16,2026-W03,Playback,Buffering,Email,30,0,,0
TKT-0271,2026-02-26,2026-W09,Playback,Buffering,Email,33,1,4.9,0
TKT-0272,2026-01-26,2026-W05,Account,Profile settings,Chat,15,1,5.0,0
TKT-0273,2026-02-20,2026-W08,Playback,Buffering,Email,29,1,,0
TKT-0274,2026-02-24,2026-W09,Playback,Audio and subtitles,Chat,25,0,4.5,0
TKT-0275,2026-03-22,2026-W12,Account,Profile settings,Email,13,1,4.5,0
TKT-0276,2026-03-27,2026-W13,Playback,Audio and subtitles,Email,37,1,3.9,0
TKT-0277,2026-01-30,2026-W05,Billing,Invoice question,Chat,54,0,3.7,1
TKT-0278,2026-02-11,2026-W07,Devices,Device activation,Email,35,0,3.9,0
TKT-0279,2026-01-24,2026-W04,Billing,Refund request,Chat,28,0,3.1,0
TKT-0280,2026-02-27,2026-W09,Playback,Video quality,Email,32,0,4.4,0
TKT-0281,2026-02-19,2026-W08,Account,Subscription change,Chat,20,0,4.5,0
TKT-0282,2026-03-01,2026-W09,Account,Sign-in,Chat,4,1,4.3,0
TKT-0283,2026-02-24,2026-W09,Playback,Audio and subtitles,Email,29,1,,0
TKT-0284,2026-01-18,2026-W03,Playback,Buffering,Chat,21,0,4.5,0
TKT-0285,2026-03-07,2026-W10,Playback,Buffering,Chat,20,1,,0
TKT-0286,2026-02-17,2026-W08,Billing,Invoice question,Email,57,0,3.6,0
TKT-0287,2026-02-28,2026-W09,Devices,Device activation,Email,34,1,3.8,0
TKT-0288,2026-01-30,2026-W05,Playback,Video quality,Chat,32,1,4.4,0
TKT-0289,2026-01-18,2026-W03,Billing,Invoice question,Chat,29,1,4.4,0
TKT-0290,2026-03-27,2026-W13,Playback,Video quality,Email,26,1,3.9,0
TKT-0291,2026-02-12,2026-W07,Devices,Device limit,Chat,21,1,4.1,1
TKT-0292,2026-03-11,2026-W11,Playback,Audio and subtitles,Chat,35,1,4.2,0
TKT-0293,2026-01-27,2026-W05,Playback,Video quality,Chat,14,1,5.0,0
TKT-0294,2026-03-08,2026-W10,Account,Profile settings,Phone,6,1,4.1,0
TKT-0295,2026-03-08,2026-W10,Account,Subscription change,Chat,24,1,4.5,0
TKT-0296,2026-03-04,2026-W10,Playback,Video quality,Chat,23,1,4.6,0
TKT-0297,2026-01-10,2026-W02,Billing,Refund request,Chat,30,0,3.5,1
TKT-0298,2026-01-09,2026-W02,Playback,Video quality,Phone,23,1,,0
TKT-0299,2026-02-04,2026-W06,Account,Subscription change,Email,19,1,4.5,0
TKT-0300,2026-01-31,2026-W05,Devices,Device activation,Email,47,1,5.0,0
TKT-0301,2026-03-19,2026-W12,Playback,Audio and subtitles,Phone,51,1,3.9,1
TKT-0302,2026-02-09,2026-W07,Devices,Device activation,Email,41,1,4.1,1
TKT-0303,2026-02-24,2026-W09,Playback,Audio and subtitles,Email,45,1,4.7,0
TKT-0304,2026-02-25,2026-W09,Playback,Video quality,Email,23,0,4.2,0
TKT-0305,2026-01-16,2026-W03,Billing,Refund request,Email,46,0,3.5,0
TKT-0306,2026-02-01,2026-W05,Playback,Video quality,Email,25,1,4.2,0
TKT-0307,2026-01-11,2026-W02,Account,Subscription change,Email,27,1,,0
TKT-0308,2026-02-28,2026-W09,Account,Subscription change,Phone,14,0,4.6,0
TKT-0309,2026-02-20,2026-W08,Playback,Video quality,Email,37,1,3.9,1
TKT-0310,2026-02-28,2026-W09,Billing,Invoice question,Chat,23,1,3.4,1
TKT-0311,2026-01-06,2026-W02,Billing,Payment failed,Phone,45,1,,1
TKT-0312,2026-02-23,2026-W09,Account,Sign-in,Chat,6,1,5.0,0
TKT-0313,2026-03-28,2026-W13,Devices,Device activation,Chat,30,1,4.7,0
TKT-0314,2026-01-24,2026-W04,Devices,Device limit,Email,56,0,4.0,1
TKT-0315,2026-02-23,2026-W09,Playback,Video quality,Chat,32,1,4.6,0
TKT-0316,2026-03-23,2026-W13,Playback,Audio and subtitles,Chat,27,0,4.8,0
TKT-0317,2026-02-24,2026-W09,Playback,Buffering,Email,29,0,4.4,0
TKT-0318,2026-01-14,2026-W03,Playback,Buffering,Phone,36,0,3.7,0
TKT-0319,2026-01-27,2026-W05,Billing,Payment failed,Chat,34,1,4.2,0
TKT-0320,2026-03-10,2026-W11,Playback,Audio and subtitles,Chat,32,1,4.7,0
TKT-0321,2026-02-09,2026-W07,Account,Sign-in,Chat,9,1,4.6,0
TKT-0322,2026-03-29,2026-W13,Billing,Payment failed,Chat,32,1,4.5,0
TKT-0323,2026-01-19,2026-W04,Playback,Audio and subtitles,Chat,25,1,4.4,0
TKT-0324,2026-01-06,2026-W02,Account,Profile settings,Chat,18,1,4.8,0
TKT-0325,2026-02-08,2026-W06,Billing,Payment failed,Email,43,1,4.3,0
TKT-0326,2026-03-19,2026-W12,Billing,Refund request,Chat,25,1,4.1,0
TKT-0327,2026-01-18,2026-W03,Devices,Device limit,Email,51,1,4.4,0
TKT-0328,2026-03-06,2026-W10,Playback,Buffering,Chat,34,0,3.2,1
TKT-0329,2026-02-02,2026-W06,Playback,Video quality,Phone,26,1,4.3,0
TKT-0330,2026-01-11,2026-W02,Account,Subscription change,Phone,17,0,4.0,1
TKT-0331,2026-02-15,2026-W07,Account,Profile settings,Chat,13,1,5.0,0
TKT-0332,2026-03-21,2026-W12,Devices,Device activation,Email,47,1,,0
TKT-0333,2026-03-15,2026-W11,Playback,Audio and subtitles,Phone,52,0,4.2,1
TKT-0334,2026-01-18,2026-W03,Account,Sign-in,Chat,7,0,4.4,0
TKT-0335,2026-02-03,2026-W06,Devices,Device limit,Chat,29,0,3.7,0
TKT-0336,2026-03-27,2026-W13,Devices,Device activation,Email,32,1,4.2,0
TKT-0337,2026-02-24,2026-W09,Billing,Invoice question,Chat,46,1,4.6,0
TKT-0338,2026-01-18,2026-W03,Account,Sign-in,Chat,26,1,4.7,0
TKT-0339,2026-03-05,2026-W10,Playback,Buffering,Chat,16,0,4.0,0
TKT-0340,2026-02-15,2026-W07,Account,Subscription change,Chat,13,1,4.6,0
TKT-0341,2026-01-08,2026-W02,Devices,Compatibility,Chat,59,1,,1
TKT-0342,2026-01-22,2026-W04,Account,Sign-in,Email,26,0,4.1,0
TKT-0343,2026-03-28,2026-W13,Account,Subscription change,Chat,37,1,4.7,1
TKT-0344,2026-01-21,2026-W04,Account,Profile settings,Chat,28,0,3.8,1
TKT-0345,2026-03-09,2026-W11,Account,Subscription change,Chat,15,1,5.0,0
TKT-0346,2026-03-24,2026-W13,Billing,Payment failed,Email,40,1,4.3,0
TKT-0347,2026-02-27,2026-W09,Account,Subscription change,Chat,24,0,4.6,0
TKT-0348,2026-03-07,2026-W10,Playback,Video quality,Chat,24,1,4.5,0
TKT-0349,2026-01-08,2026-W02,Devices,Compatibility,Chat,30,0,2.5,0
TKT-0350,2026-01-17,2026-W03,Account,Sign-in,Chat,40,1,5.0,0
TKT-0351,2026-02-23,2026-W09,Playback,Buffering,Chat,19,1,,0
TKT-0352,2026-02-19,2026-W08,Devices,Device limit,Chat,11,0,4.6,0
TKT-0353,2026-01-27,2026-W05,Playback,Buffering,Chat,27,1,3.7,1
TKT-0354,2026-01-21,2026-W04,Playback,Buffering,Phone,38,0,,0
TKT-0355,2026-03-21,2026-W12,Billing,Payment failed,Email,51,0,3.9,0
TKT-0356,2026-02-24,2026-W09,Playback,Video quality,Chat,37,1,4.2,0
TKT-0357,2026-03-29,2026-W13,Playback,Audio and subtitles,Phone,31,1,4.2,0
TKT-0358,2026-01-27,2026-W05,Playback,Audio and subtitles,Email,50,1,4.1,0
TKT-0359,2026-03-18,2026-W12,Account,Subscription change,Chat,14,1,4.6,0
TKT-0360,2026-02-16,2026-W08,Billing,Payment failed,Chat,45,1,4.0,0
TKT-0361,2026-02-16,2026-W08,Playback,Video quality,Chat,27,1,,0
TKT-0362,2026-03-02,2026-W10,Billing,Payment failed,Phone,27,1,4.5,0
TKT-0363,2026-03-19,2026-W12,Billing,Invoice question,Chat,37,1,,0
TKT-0364,2026-01-07,2026-W02,Playback,Buffering,Chat,23,1,3.8,0
TKT-0365,2026-01-16,2026-W03,Playback,Audio and subtitles,Phone,24,1,3.9,0
TKT-0366,2026-01-11,2026-W02,Account,Sign-in,Phone,28,1,4.4,0
TKT-0367,2026-02-12,2026-W07,Account,Sign-in,Chat,17,1,,0
TKT-0368,2026-03-26,2026-W13,Billing,Payment failed,Chat,32,1,4.1,0
TKT-0369,2026-02-24,2026-W09,Playback,Audio and subtitles,Chat,25,1,4.2,0
TKT-0370,2026-01-10,2026-W02,Playback,Video quality,Chat,27,0,4.0,0
TKT-0371,2026-02-18,2026-W08,Billing,Refund request,Phone,36,1,4.3,0
TKT-0372,2026-03-14,2026-W11,Billing,Refund request,Email,37,1,4.3,0
TKT-0373,2026-03-19,2026-W12,Devices,Device limit,Email,42,1,4.4,1
TKT-0374,2026-02-01,2026-W05,Billing,Payment failed,Chat,51,1,4.2,0
TKT-0375,2026-03-22,2026-W12,Playback,Audio and subtitles,Phone,26,1,4.3,0
TKT-0376,2026-03-04,2026-W10,Devices,Device activation,Email,42,1,4.1,0
TKT-0377,2026-03-21,2026-W12,Playback,Buffering,Phone,38,1,3.7,1
TKT-0378,2026-02-26,2026-W09,Playback,Audio and subtitles,Chat,27,1,4.3,1
TKT-0379,2026-02-25,2026-W09,Account,Profile settings,Email,30,1,4.5,0
TKT-0380,2026-02-12,2026-W07,Playback,Video quality,Phone,34,1,4.2,0
TKT-0381,2026-02-15,2026-W07,Playback,Video quality,Email,45,1,4.0,0
TKT-0382,2026-03-12,2026-W11,Devices,Device activation,Chat,31,1,4.8,0
TKT-0383,2026-03-18,2026-W12,Account,Sign-in,Phone,31,1,,0
TKT-0384,2026-01-11,2026-W02,Devices,Device limit,Chat,13,1,4.7,0
TKT-0385,2026-02-04,2026-W06,Playback,Audio and subtitles,Chat,18,0,4.0,0
TKT-0386,2026-02-07,2026-W06,Billing,Invoice question,Chat,48,1,3.2,1
TKT-0387,2026-02-02,2026-W06,Billing,Invoice question,Chat,45,1,3.4,0
TKT-0388,2026-03-06,2026-W10,Devices,Device limit,Chat,13,0,3.5,0
TKT-0389,2026-03-28,2026-W13,Playback,Video quality,Phone,26,1,4.9,0
TKT-0390,2026-03-20,2026-W12,Account,Subscription change,Phone,11,0,4.4,0
TKT-0391,2026-01-18,2026-W03,Playback,Video quality,Phone,29,1,4.9,0
TKT-0392,2026-02-12,2026-W07,Account,Subscription change,Email,26,0,4.0,0
TKT-0393,2026-01-22,2026-W04,Billing,Invoice question,Chat,22,1,4.5,0
TKT-0394,2026-03-19,2026-W12,Devices,Compatibility,Email,40,1,3.5,0
TKT-0395,2026-03-10,2026-W11,Playback,Buffering,Email,36,0,4.3,0
TKT-0396,2026-03-17,2026-W12,Billing,Payment failed,Phone,40,0,4.3,0
TKT-0397,2026-02-27,2026-W09,Billing,Refund request,Chat,34,1,4.3,0
TKT-0398,2026-03-20,2026-W12,Devices,Device activation,Chat,27,1,3.5,1
TKT-0399,2026-01-24,2026-W04,Account,Sign-in,Chat,20,0,4.4,0
TKT-0400,2026-01-28,2026-W05,Billing,Refund request,Chat,40,0,4.1,0
TKT-0401,2026-01-26,2026-W05,Playback,Buffering,Chat,19,0,3.4,1
TKT-0402,2026-03-07,2026-W10,Playback,Buffering,Chat,34,1,4.0,0
TKT-0403,2026-01-07,2026-W02,Billing,Invoice question,Email,42,1,4.2,0
TKT-0404,2026-02-13,2026-W07,Account,Sign-in,Chat,11,1,4.5,0
TKT-0405,2026-01-22,2026-W04,Playback,Video quality,Chat,31,1,4.1,0
TKT-0406,2026-01-21,2026-W04,Account,Sign-in,Email,21,1,4.5,0
TKT-0407,2026-02-06,2026-W06,Billing,Invoice question,Chat,31,0,3.9,0
TKT-0408,2026-02-27,2026-W09,Playback,Buffering,Chat,21,1,3.9,0
TKT-0409,2026-01-17,2026-W03,Billing,Refund request,Email,51,0,3.6,0
TKT-0410,2026-02-10,2026-W07,Account,Sign-in,Chat,26,1,3.8,0
TKT-0411,2026-02-26,2026-W09,Playback,Buffering,Chat,19,0,,0
TKT-0412,2026-01-16,2026-W03,Devices,Device limit,Email,45,1,3.8,1
TKT-0413,2026-02-06,2026-W06,Billing,Refund request,Phone,35,1,,0
TKT-0414,2026-01-27,2026-W05,Devices,Compatibility,Chat,38,1,4.7,0
TKT-0415,2026-01-06,2026-W02,Devices,Device limit,Email,42,1,4.1,0
TKT-0416,2026-02-21,2026-W08,Devices,Device activation,Chat,33,1,3.8,0
TKT-0417,2026-02-27,2026-W09,Billing,Payment failed,Chat,43,1,3.7,1
TKT-0418,2026-03-21,2026-W12,Playback,Audio and subtitles,Email,32,1,4.5,0
TKT-0419,2026-01-21,2026-W04,Playback,Video quality,Chat,28,1,4.2,1
TKT-0420,2026-03-13,2026-W11,Billing,Invoice question,Email,50,1,3.9,0
TKT-0421,2026-03-25,2026-W13,Account,Subscription change,Email,20,1,4.6,0
TKT-0422,2026-03-24,2026-W13,Account,Subscription change,Phone,15,1,4.8,0
TKT-0423,2026-02-15,2026-W07,Account,Profile settings,Chat,12,1,4.8,0
TKT-0424,2026-03-19,2026-W12,Playback,Video quality,Chat,22,1,4.3,0
TKT-0425,2026-03-17,2026-W12,Playback,Buffering,Email,40,0,3.9,0
TKT-0426,2026-03-04,2026-W10,Devices,Compatibility,Email,30,0,4.7,0
TKT-0427,2026-02-20,2026-W08,Billing,Payment failed,Chat,30,1,4.2,1
TKT-0428,2026-03-16,2026-W12,Playback,Audio and subtitles,Chat,29,0,3.7,0
TKT-0429,2026-02-06,2026-W06,Billing,Payment failed,Chat,34,0,3.7,0
TKT-0430,2026-02-27,2026-W09,Account,Subscription change,Email,12,1,4.9,0
TKT-0431,2026-01-22,2026-W04,Devices,Device activation,Chat,31,1,3.9,0
TKT-0432,2026-01-27,2026-W05,Billing,Payment failed,Email,31,1,3.7,0
TKT-0433,2026-02-23,2026-W09,Playback,Audio and subtitles,Phone,49,1,4.2,0
TKT-0434,2026-01-22,2026-W04,Account,Subscription change,Email,18,1,3.9,0
TKT-0435,2026-03-16,2026-W12,Billing,Payment failed,Chat,35,0,3.9,0
TKT-0436,2026-01-27,2026-W05,Playback,Audio and subtitles,Email,24,1,4.2,0
TKT-0437,2026-02-27,2026-W09,Billing,Invoice question,Chat,30,0,4.0,0
TKT-0438,2026-01-12,2026-W03,Account,Sign-in,Phone,32,1,4.9,0
TKT-0439,2026-03-15,2026-W11,Account,Profile settings,Chat,24,1,4.3,0
TKT-0440,2026-02-04,2026-W06,Playback,Audio and subtitles,Chat,10,1,5.0,0
TKT-0441,2026-02-14,2026-W07,Devices,Device activation,Chat,30,1,3.5,0
TKT-0442,2026-03-27,2026-W13,Billing,Invoice question,Chat,36,1,4.8,0
TKT-0443,2026-03-03,2026-W10,Account,Subscription change,Chat,18,0,4.6,0
TKT-0444,2026-02-07,2026-W06,Account,Subscription change,Email,24,1,4.6,0
TKT-0445,2026-03-22,2026-W12,Account,Subscription change,Email,16,1,4.6,0
TKT-0446,2026-02-14,2026-W07,Playback,Buffering,Chat,17,0,4.1,0
TKT-0447,2026-02-01,2026-W05,Billing,Refund request,Chat,7,1,3.9,0
TKT-0448,2026-03-29,2026-W13,Account,Subscription change,Chat,21,1,,0
TKT-0449,2026-02-15,2026-W07,Playback,Buffering,Chat,21,1,4.5,0
TKT-0450,2026-03-11,2026-W11,Playback,Buffering,Chat,18,1,,0
TKT-0451,2026-01-17,2026-W03,Account,Subscription change,Chat,13,1,4.4,0
TKT-0452,2026-01-18,2026-W03,Account,Subscription change,Phone,21,1,4.5,0
TKT-0453,2026-01-08,2026-W02,Playback,Video quality,Chat,24,1,4.4,0
TKT-0454,2026-02-07,2026-W06,Playback,Video quality,Email,34,1,3.5,1
TKT-0455,2026-03-25,2026-W13,Account,Subscription change,Email,26,1,4.7,0
TKT-0456,2026-02-12,2026-W07,Billing,Refund request,Email,39,1,3.8,0
TKT-0457,2026-01-22,2026-W04,Billing,Invoice question,Chat,47,1,3.5,0
TKT-0458,2026-03-28,2026-W13,Playback,Buffering,Chat,34,1,4.5,0
TKT-0459,2026-01-15,2026-W03,Playback,Audio and subtitles,Email,45,1,3.9,0
TKT-0460,2026-01-28,2026-W05,Account,Profile settings,Chat,25,1,4.1,0
TKT-0461,2026-03-16,2026-W12,Playback,Audio and subtitles,Chat,27,1,4.9,0
TKT-0462,2026-02-19,2026-W08,Account,Subscription change,Chat,19,1,5.0,0
TKT-0463,2026-02-13,2026-W07,Billing,Payment failed,Email,43,1,4.2,0
TKT-0464,2026-02-02,2026-W06,Billing,Invoice question,Chat,36,0,2.7,1
TKT-0465,2026-02-19,2026-W08,Billing,Refund request,Chat,40,1,3.5,0
TKT-0466,2026-03-14,2026-W11,Account,Subscription change,Phone,29,1,,0
TKT-0467,2026-03-20,2026-W12,Playback,Audio and subtitles,Chat,25,1,3.9,0
TKT-0468,2026-01-24,2026-W04,Playback,Buffering,Phone,27,1,4.2,0
TKT-0469,2026-02-20,2026-W08,Playback,Audio and subtitles,Chat,24,0,4.2,0
TKT-0470,2026-01-25,2026-W04,Account,Subscription change,Email,18,0,4.3,0
TKT-0471,2026-03-08,2026-W10,Account,Profile settings,Chat,20,1,4.4,0
TKT-0472,2026-03-04,2026-W10,Devices,Device activation,Phone,39,1,4.7,0
TKT-0473,2026-02-07,2026-W06,Playback,Audio and subtitles,Chat,12,1,4.6,0
TKT-0474,2026-02-22,2026-W08,Devices,Device activation,Chat,19,1,3.8,0
TKT-0475,2026-03-10,2026-W11,Devices,Compatibility,Chat,28,1,4.5,0
TKT-0476,2026-01-20,2026-W04,Billing,Refund request,Email,50,0,4.0,0
TKT-0477,2026-02-26,2026-W09,Account,Sign-in,Chat,21,1,4.9,0
TKT-0478,2026-01-26,2026-W05,Playback,Buffering,Chat,21,1,4.8,0
TKT-0479,2026-02-10,2026-W07,Devices,Device activation,Chat,18,0,4.3,0
TKT-0480,2026-03-20,2026-W12,Devices,Device activation,Email,28,1,4.8,0
TKT-0481,2026-01-13,2026-W03,Account,Profile settings,Chat,12,1,4.3,0
TKT-0482,2026-03-23,2026-W13,Account,Profile settings,Phone,7,1,4.8,0
TKT-0483,2026-01-21,2026-W04,Devices,Device limit,Email,33,0,3.7,0
TKT-0484,2026-01-10,2026-W02,Billing,Refund request,Chat,31,0,3.4,0
TKT-0485,2026-03-19,2026-W12,Account,Sign-in,Chat,10,1,,0
TKT-0486,2026-03-22,2026-W12,Devices,Compatibility,Chat,36,1,4.4,0
TKT-0487,2026-02-22,2026-W08,Billing,Invoice question,Email,42,1,4.0,1
TKT-0488,2026-03-14,2026-W11,Playback,Video quality,Email,36,0,4.7,0
TKT-0489,2026-01-27,2026-W05,Playback,Audio and subtitles,Chat,25,0,3.8,0
TKT-0490,2026-01-20,2026-W04,Billing,Refund request,Email,37,0,3.5,1
TKT-0491,2026-03-24,2026-W13,Billing,Invoice question,Chat,36,1,3.6,0
TKT-0492,2026-03-22,2026-W12,Playback,Buffering,Chat,21,1,3.6,0
TKT-0493,2026-03-29,2026-W13,Playback,Audio and subtitles,Phone,33,1,,0
TKT-0494,2026-03-12,2026-W11,Playback,Buffering,Email,41,1,4.3,0
TKT-0495,2026-03-29,2026-W13,Account,Sign-in,Chat,10,1,4.6,0
TKT-0496,2026-01-06,2026-W02,Billing,Payment failed,Phone,42,1,3.8,0
TKT-0497,2026-02-09,2026-W07,Account,Sign-in,Chat,15,1,3.8,1
TKT-0498,2026-03-10,2026-W11,Playback,Buffering,Email,33,0,3.7,0
TKT-0499,2026-02-22,2026-W08,Playback,Buffering,Email,28,0,4.1,0
TKT-0500,2026-01-19,2026-W04,Playback,Video quality,Email,32,0,3.7,0
TKT-0501,2026-03-12,2026-W11,Playback,Audio and subtitles,Email,60,1,4.1,1
TKT-0502,2026-01-27,2026-W05,Playback,Video quality,Chat,21,1,4.6,0
TKT-0503,2026-01-30,2026-W05,Account,Sign-in,Phone,18,1,4.5,0
TKT-0504,2026-01-18,2026-W03,Account,Sign-in,Email,19,1,4.5,0
TKT-0505,2026-03-07,2026-W10,Playback,Video quality,Chat,24,0,3.1,0
TKT-0506,2026-03-11,2026-W11,Playback,Buffering,Email,34,1,4.5,0
TKT-0507,2026-02-18,2026-W08,Playback,Audio and subtitles,Email,32,1,4.4,0
TKT-0508,2026-01-31,2026-W05,Playback,Buffering,Chat,25,1,4.4,0
TKT-0509,2026-03-24,2026-W13,Playback,Buffering,Chat,33,1,4.7,0
TKT-0510,2026-01-28,2026-W05,Playback,Audio and subtitles,Email,28,0,3.4,0
TKT-0511,2026-01-30,2026-W05,Account,Subscription change,Chat,11,1,5.0,0
TKT-0512,2026-03-12,2026-W11,Playback,Video quality,Email,33,1,4.0,0
TKT-0513,2026-01-12,2026-W03,Account,Profile settings,Chat,23,1,4.3,0
TKT-0514,2026-02-06,2026-W06,Playback,Video quality,Chat,31,0,3.7,0
TKT-0515,2026-01-27,2026-W05,Devices,Compatibility,Chat,22,1,4.5,0
TKT-0516,2026-02-10,2026-W07,Playback,Buffering,Phone,25,1,4.1,0
TKT-0517,2026-01-14,2026-W03,Account,Profile settings,Chat,11,1,4.4,0
TKT-0518,2026-03-02,2026-W10,Billing,Refund request,Email,39,1,4.3,0
TKT-0519,2026-02-04,2026-W06,Billing,Invoice question,Email,49,1,,1
TKT-0520,2026-01-13,2026-W03,Devices,Compatibility,Chat,27,1,4.1,0
TKT-0521,2026-01-24,2026-W04,Account,Profile settings,Chat,14,1,4.5,0
TKT-0522,2026-01-08,2026-W02,Account,Profile settings,Phone,29,1,4.5,0
TKT-0523,2026-03-02,2026-W10,Account,Subscription change,Chat,16,1,3.9,0
TKT-0524,2026-03-27,2026-W13,Billing,Refund request,Phone,44,1,4.4,0
TKT-0525,2026-01-24,2026-W04,Playback,Buffering,Chat,22,0,4.6,0
TKT-0526,2026-03-08,2026-W10,Devices,Compatibility,Chat,16,0,3.7,0
TKT-0527,2026-01-29,2026-W05,Playback,Audio and subtitles,Chat,16,1,3.8,0
TKT-0528,2026-01-15,2026-W03,Playback,Buffering,Chat,22,0,3.8,0
TKT-0529,2026-03-14,2026-W11,Billing,Refund request,Chat,46,1,4.1,1
TKT-0530,2026-03-25,2026-W13,Playback,Video quality,Chat,25,1,4.6,0
TKT-0531,2026-03-02,2026-W10,Billing,Payment failed,Chat,20,1,4.5,0
TKT-0532,2026-02-21,2026-W08,Playback,Buffering,Chat,36,0,,0
TKT-0533,2026-03-06,2026-W10,Account,Profile settings,Email,27,1,4.7,0
TKT-0534,2026-03-02,2026-W10,Account,Sign-in,Chat,29,1,4.8,0
TKT-0535,2026-02-13,2026-W07,Devices,Device activation,Email,44,1,4.3,0
TKT-0536,2026-01-30,2026-W05,Playback,Buffering,Phone,48,1,3.8,1
TKT-0537,2026-02-09,2026-W07,Playback,Video quality,Email,45,1,3.4,1
TKT-0538,2026-02-21,2026-W08,Billing,Payment failed,Chat,33,1,4.7,0
TKT-0539,2026-01-12,2026-W03,Playback,Buffering,Email,39,0,4.4,1
TKT-0540,2026-02-18,2026-W08,Billing,Refund request,Email,42,1,4.2,0
TKT-0541,2026-03-02,2026-W10,Playback,Audio and subtitles,Email,35,1,4.4,0
TKT-0542,2026-03-22,2026-W12,Devices,Device limit,Chat,21,1,3.9,0
TKT-0543,2026-03-27,2026-W13,Playback,Audio and subtitles,Chat,22,1,4.5,0
TKT-0544,2026-03-14,2026-W11,Devices,Device activation,Chat,39,1,4.1,0
TKT-0545,2026-01-19,2026-W04,Account,Subscription change,Chat,26,1,4.8,0
TKT-0546,2026-01-17,2026-W03,Account,Subscription change,Email,31,1,4.6,0
TKT-0547,2026-03-23,2026-W13,Billing,Payment failed,Phone,46,1,4.8,0
TKT-0548,2026-01-12,2026-W03,Playback,Audio and subtitles,Phone,36,1,4.4,0
TKT-0549,2026-01-10,2026-W02,Billing,Refund request,Chat,27,1,,0
TKT-0550,2026-02-03,2026-W06,Playback,Buffering,Chat,33,1,4.2,0
TKT-0551,2026-01-18,2026-W03,Billing,Invoice question,Chat,35,1,3.9,0
TKT-0552,2026-02-25,2026-W09,Playback,Audio and subtitles,Chat,20,0,4.5,0
TKT-0553,2026-02-15,2026-W07,Devices,Compatibility,Email,29,1,4.0,0
TKT-0554,2026-03-16,2026-W12,Devices,Compatibility,Chat,29,1,4.4,0
TKT-0555,2026-01-07,2026-W02,Playback,Video quality,Chat,19,0,4.7,0
TKT-0556,2026-02-09,2026-W07,Devices,Device limit,Chat,33,0,4.2,0
TKT-0557,2026-02-20,2026-W08,Devices,Device activation,Chat,16,0,4.2,1
TKT-0558,2026-02-15,2026-W07,Billing,Payment failed,Chat,33,0,3.8,0
TKT-0559,2026-01-09,2026-W02,Billing,Invoice question,Chat,24,0,4.6,0
TKT-0560,2026-01-20,2026-W04,Devices,Device activation,Email,30,0,,0
TKT-0561,2026-03-13,2026-W11,Account,Subscription change,Email,15,1,4.1,0
TKT-0562,2026-03-03,2026-W10,Billing,Invoice question,Chat,9,1,4.3,0
TKT-0563,2026-03-19,2026-W12,Billing,Invoice question,Chat,34,1,4.4,0
TKT-0564,2026-03-17,2026-W12,Account,Profile settings,Email,25,1,4.8,0
TKT-0565,2026-03-01,2026-W09,Playback,Audio and subtitles,Chat,27,1,4.2,0
TKT-0566,2026-01-08,2026-W02,Billing,Payment failed,Phone,48,1,4.2,0
TKT-0567,2026-02-03,2026-W06,Account,Profile settings,Chat,18,1,4.7,0
TKT-0568,2026-01-23,2026-W04,Devices,Compatibility,Chat,45,1,4.1,1
TKT-0569,2026-03-14,2026-W11,Account,Subscription change,Chat,17,1,5.0,0
TKT-0570,2026-01-07,2026-W02,Playback,Audio and subtitles,Chat,40,1,3.8,1
TKT-0571,2026-03-05,2026-W10,Billing,Payment failed,Chat,26,1,4.1,0
TKT-0572,2026-02-11,2026-W07,Devices,Device limit,Chat,29,0,4.4,0
TKT-0573,2026-03-22,2026-W12,Playback,Buffering,Chat,19,0,5.0,0
TKT-0574,2026-02-13,2026-W07,Playback,Video quality,Email,37,1,4.0,0
TKT-0575,2026-03-10,2026-W11,Playback,Buffering,Email,57,0,4.7,0
TKT-0576,2026-02-09,2026-W07,Account,Profile settings,Phone,22,1,5.0,0
TKT-0577,2026-03-26,2026-W13,Billing,Refund request,Chat,29,1,4.0,0
TKT-0578,2026-01-31,2026-W05,Billing,Invoice question,Chat,40,0,3.8,0
TKT-0579,2026-01-22,2026-W04,Playback,Buffering,Email,24,1,,0
TKT-0580,2026-03-14,2026-W11,Devices,Device activation,Chat,33,0,4.2,0
TKT-0581,2026-02-26,2026-W09,Playback,Audio and subtitles,Phone,27,0,,0
TKT-0582,2026-01-28,2026-W05,Account,Subscription change,Email,35,1,4.7,0
TKT-0583,2026-01-15,2026-W03,Billing,Refund request,Chat,34,0,4.0,0
TKT-0584,2026-03-06,2026-W10,Account,Sign-in,Chat,23,1,5.0,0
TKT-0585,2026-01-30,2026-W05,Billing,Payment failed,Chat,30,0,3.6,0
TKT-0586,2026-02-05,2026-W06,Playback,Buffering,Email,19,0,4.6,0
TKT-0587,2026-03-14,2026-W11,Playback,Audio and subtitles,Email,29,1,5.0,0
TKT-0588,2026-03-12,2026-W11,Playback,Audio and subtitles,Chat,31,1,4.6,0
TKT-0589,2026-02-12,2026-W07,Billing,Refund request,Chat,39,1,,0
TKT-0590,2026-03-12,2026-W11,Devices,Compatibility,Email,46,1,4.8,0
TKT-0591,2026-03-15,2026-W11,Account,Profile settings,Chat,29,1,4.2,0
TKT-0592,2026-01-16,2026-W03,Playback,Audio and subtitles,Email,33,1,4.1,0
TKT-0593,2026-03-27,2026-W13,Playback,Audio and subtitles,Email,30,1,4.3,0
TKT-0594,2026-01-10,2026-W02,Billing,Refund request,Email,56,1,3.5,1
TKT-0595,2026-02-27,2026-W09,Playback,Audio and subtitles,Email,36,1,4.5,0
TKT-0596,2026-03-25,2026-W13,Billing,Payment failed,Chat,47,0,4.1,0
TKT-0597,2026-03-21,2026-W12,Billing,Refund request,Chat,32,1,4.7,0
TKT-0598,2026-03-17,2026-W12,Devices,Device activation,Chat,41,1,4.5,0
TKT-0599,2026-03-23,2026-W13,Playback,Buffering,Chat,19,1,4.0,0
TKT-0600,2026-03-22,2026-W12,Playback,Audio and subtitles,Chat,27,1,4.4,0
TKT-0601,2026-02-21,2026-W08,Devices,Device activation,Email,39,0,3.7,1
TKT-0602,2026-02-16,2026-W08,Playback,Audio and subtitles,Chat,6,1,3.5,1
TKT-0603,2026-01-16,2026-W03,Playback,Audio and subtitles,Email,20,0,4.4,0
TKT-0604,2026-03-19,2026-W12,Devices,Compatibility,Phone,31,1,3.9,0
TKT-0605,2026-03-24,2026-W13,Account,Profile settings,Phone,21,1,4.2,1
TKT-0606,2026-03-24,2026-W13,Devices,Compatibility,Chat,29,1,4.9,0
TKT-0607,2026-02-06,2026-W06,Billing,Refund request,Chat,37,1,4.4,0
TKT-0608,2026-03-18,2026-W12,Billing,Payment failed,Email,51,1,4.0,0
TKT-0609,2026-01-09,2026-W02,Billing,Refund request,Chat,38,1,3.8,0
TKT-0610,2026-01-12,2026-W03,Devices,Compatibility,Email,46,1,4.3,0
TKT-0611,2026-02-19,2026-W08,Account,Sign-in,Chat,6,1,4.2,0
TKT-0612,2026-02-23,2026-W09,Account,Sign-in,Phone,19,1,4.8,0
TKT-0613,2026-03-09,2026-W11,Devices,Compatibility,Chat,25,0,4.3,0
TKT-0614,2026-01-30,2026-W05,Devices,Compatibility,Chat,31,0,4.3,0
TKT-0615,2026-03-13,2026-W11,Playback,Video quality,Chat,35,0,4.0,0
TKT-0616,2026-01-09,2026-W02,Playback,Audio and subtitles,Phone,43,1,4.5,0
TKT-0617,2026-02-16,2026-W08,Playback,Buffering,Chat,37,1,4.5,0
TKT-0618,2026-01-31,2026-W05,Playback,Buffering,Chat,21,1,4.1,0
TKT-0619,2026-01-19,2026-W04,Account,Subscription change,Chat,11,1,4.5,0
TKT-0620,2026-02-10,2026-W07,Playback,Buffering,Chat,20,1,4.4,0
TKT-0621,2026-01-11,2026-W02,Account,Sign-in,Chat,25,1,4.3,0
TKT-0622,2026-03-03,2026-W10,Billing,Refund request,Chat,33,1,4.1,0
TKT-0623,2026-03-05,2026-W10,Playback,Buffering,Email,22,0,4.4,0
TKT-0624,2026-03-05,2026-W10,Playback,Buffering,Chat,21,0,4.4,0
TKT-0625,2026-02-16,2026-W08,Billing,Refund request,Chat,27,1,4.5,0
TKT-0626,2026-02-18,2026-W08,Billing,Payment failed,Chat,39,1,,0
TKT-0627,2026-02-12,2026-W07,Playback,Video quality,Email,39,1,4.2,0
TKT-0628,2026-01-31,2026-W05,Devices,Device limit,Chat,27,0,4.0,0
TKT-0629,2026-01-14,2026-W03,Billing,Invoice question,Email,39,1,3.4,0
TKT-0630,2026-01-27,2026-W05,Playback,Video quality,Chat,19,1,4.0,0
TKT-0631,2026-01-12,2026-W03,Account,Sign-in,Phone,26,0,,0
TKT-0632,2026-01-23,2026-W04,Billing,Refund request,Chat,36,1,4.7,0
TKT-0633,2026-03-18,2026-W12,Billing,Invoice question,Chat,39,0,,0
TKT-0634,2026-01-06,2026-W02,Billing,Invoice question,Chat,31,1,4.0,0
TKT-0635,2026-03-17,2026-W12,Devices,Compatibility,Chat,31,1,3.5,1
TKT-0636,2026-02-22,2026-W08,Playback,Video quality,Chat,18,1,3.7,0
TKT-0637,2026-02-27,2026-W09,Account,Subscription change,Chat,28,1,5.0,0
TKT-0638,2026-01-22,2026-W04,Account,Subscription change,Email,15,0,4.9,0
TKT-0639,2026-03-04,2026-W10,Playback,Audio and subtitles,Email,29,1,4.9,0
TKT-0640,2026-02-04,2026-W06,Billing,Refund request,Chat,32,1,3.6,0
TKT-0641,2026-01-19,2026-W04,Playback,Audio and subtitles,Chat,19,1,4.3,0
TKT-0642,2026-03-12,2026-W11,Account,Subscription change,Chat,10,1,5.0,0
TKT-0643,2026-03-20,2026-W12,Playback,Buffering,Phone,41,1,4.4,1
TKT-0644,2026-02-16,2026-W08,Playback,Video quality,Chat,19,1,4.3,0
TKT-0645,2026-01-12,2026-W03,Billing,Invoice question,Chat,22,1,3.9,0
TKT-0646,2026-01-15,2026-W03,Account,Sign-in,Phone,16,1,4.7,0
TKT-0647,2026-01-19,2026-W04,Billing,Invoice question,Email,43,1,4.2,0
TKT-0648,2026-01-28,2026-W05,Billing,Payment failed,Chat,32,1,4.0,1
TKT-0649,2026-02-26,2026-W09,Billing,Payment failed,Email,61,0,3.6,1
TKT-0650,2026-02-07,2026-W06,Billing,Payment failed,Chat,30,1,5.0,0
TKT-0651,2026-02-03,2026-W06,Playback,Audio and subtitles,Chat,19,1,4.2,0
TKT-0652,2026-02-22,2026-W08,Billing,Invoice question,Email,57,1,4.6,0
TKT-0653,2026-03-29,2026-W13,Devices,Compatibility,Chat,24,0,3.6,0
TKT-0654,2026-02-04,2026-W06,Billing,Invoice question,Email,46,1,4.1,0
TKT-0655,2026-01-06,2026-W02,Devices,Device activation,Chat,28,1,4.2,0
TKT-0656,2026-01-09,2026-W02,Account,Sign-in,Chat,11,1,4.4,0
TKT-0657,2026-01-20,2026-W04,Account,Subscription change,Chat,14,1,5.0,0
TKT-0658,2026-01-28,2026-W05,Playback,Video quality,Email,30,1,4.4,0
TKT-0659,2026-02-15,2026-W07,Playback,Buffering,Chat,13,1,4.3,0
TKT-0660,2026-01-27,2026-W05,Playback,Video quality,Phone,43,1,4.7,0
TKT-0661,2026-03-01,2026-W09,Account,Subscription change,Chat,22,1,,0
TKT-0662,2026-01-14,2026-W03,Playback,Video quality,Email,33,1,,0
TKT-0663,2026-02-23,2026-W09,Playback,Audio and subtitles,Chat,29,1,4.0,1
TKT-0664,2026-02-25,2026-W09,Devices,Device activation,Chat,18,1,3.8,0
TKT-0665,2026-02-19,2026-W08,Playback,Video quality,Chat,25,1,,0
TKT-0666,2026-03-14,2026-W11,Devices,Compatibility,Chat,24,1,,0
TKT-0667,2026-02-23,2026-W09,Billing,Refund request,Email,40,0,4.4,0
TKT-0668,2026-01-29,2026-W05,Account,Sign-in,Chat,22,0,4.6,0
TKT-0669,2026-03-09,2026-W11,Playback,Video quality,Phone,19,1,4.4,0
TKT-0670,2026-02-01,2026-W05,Billing,Invoice question,Chat,24,0,3.9,0
TKT-0671,2026-01-14,2026-W03,Account,Sign-in,Chat,11,1,4.6,0
TKT-0672,2026-01-06,2026-W02,Account,Sign-in,Phone,31,1,4.7,0
TKT-0673,2026-01-18,2026-W03,Account,Subscription change,Email,20,1,5.0,0
TKT-0674,2026-02-25,2026-W09,Playback,Audio and subtitles,Email,13,1,4.5,0
TKT-0675,2026-02-16,2026-W08,Account,Profile settings,Chat,6,1,3.9,0
TKT-0676,2026-01-10,2026-W02,Account,Subscription change,Email,35,1,4.4,1
TKT-0677,2026-01-16,2026-W03,Billing,Invoice question,Phone,39,1,4.0,0
TKT-0678,2026-03-27,2026-W13,Playback,Video quality,Chat,19,0,,0
TKT-0679,2026-01-28,2026-W05,Billing,Invoice question,Phone,38,1,4.2,0
TKT-0680,2026-01-20,2026-W04,Devices,Device activation,Email,28,0,4.0,0
TKT-0681,2026-01-31,2026-W05,Playback,Buffering,Chat,32,1,4.1,0
TKT-0682,2026-01-10,2026-W02,Account,Profile settings,Chat,21,1,,0
TKT-0683,2026-01-11,2026-W02,Devices,Device activation,Chat,15,1,,0
TKT-0684,2026-02-04,2026-W06,Billing,Invoice question,Email,48,1,,0
TKT-0685,2026-02-03,2026-W06,Account,Subscription change,Chat,13,1,,0
TKT-0686,2026-03-20,2026-W12,Playback,Video quality,Chat,21,0,4.4,0
TKT-0687,2026-03-26,2026-W13,Playback,Video quality,Chat,28,1,4.5,0
TKT-0688,2026-03-04,2026-W10,Playback,Video quality,Chat,29,1,3.5,0
TKT-0689,2026-03-19,2026-W12,Devices,Device activation,Chat,37,0,4.1,0
TKT-0690,2026-02-09,2026-W07,Account,Profile settings,Email,9,1,4.3,0
TKT-0691,2026-01-24,2026-W04,Devices,Device activation,Chat,26,1,3.8,0
TKT-0692,2026-02-24,2026-W09,Playback,Audio and subtitles,Email,32,1,4.4,0
TKT-0693,2026-02-01,2026-W05,Account,Profile settings,Chat,17,0,3.8,1
TKT-0694,2026-03-19,2026-W12,Billing,Payment failed,Phone,45,1,3.6,1
TKT-0695,2026-03-26,2026-W13,Playback,Audio and subtitles,Chat,21,1,4.0,0
TKT-0696,2026-02-08,2026-W06,Billing,Invoice question,Chat,45,0,4.3,0
TKT-0697,2026-01-12,2026-W03,Playback,Audio and subtitles,Chat,22,1,4.3,0
TKT-0698,2026-03-28,2026-W13,Playback,Buffering,Email,28,1,4.9,0
TKT-0699,2026-03-20,2026-W12,Devices,Device limit,Chat,23,1,4.6,0
TKT-0700,2026-02-09,2026-W07,Account,Profile settings,Chat,25,1,5.0,0
TKT-0701,2026-03-14,2026-W11,Devices,Compatibility,Email,43,0,,0
TKT-0702,2026-03-04,2026-W10,Account,Profile settings,Phone,4,1,,0
TKT-0703,2026-02-09,2026-W07,Account,Sign-in,Chat,12,0,4.2,0
TKT-0704,2026-03-15,2026-W11,Devices,Compatibility,Chat,26,1,4.5,0
TKT-0705,2026-02-03,2026-W06,Devices,Device limit,Email,33,1,4.0,0
TKT-0706,2026-03-13,2026-W11,Devices,Compatibility,Chat,22,1,5.0,0
TKT-0707,2026-02-21,2026-W08,Devices,Device activation,Chat,23,1,4.1,0
TKT-0708,2026-01-28,2026-W05,Devices,Device limit,Email,44,1,3.9,1
TKT-0709,2026-01-21,2026-W04,Playback,Video quality,Chat,26,1,4.2,1
TKT-0710,2026-03-15,2026-W11,Devices,Device limit,Chat,22,0,4.1,0
TKT-0711,2026-02-14,2026-W07,Account,Subscription change,Chat,12,1,5.0,0
TKT-0712,2026-03-19,2026-W12,Billing,Invoice question,Email,50,0,,0
TKT-0713,2026-03-16,2026-W12,Account,Sign-in,Chat,22,1,,0
TKT-0714,2026-01-12,2026-W03,Billing,Payment failed,Email,43,1,4.2,0
TKT-0715,2026-03-03,2026-W10,Billing,Payment failed,Phone,32,1,,0
TKT-0716,2026-02-20,2026-W08,Playback,Audio and subtitles,Phone,24,1,3.8,0
TKT-0717,2026-03-17,2026-W12,Account,Subscription change,Phone,37,1,5.0,0
TKT-0718,2026-02-28,2026-W09,Billing,Refund request,Chat,51,1,3.0,1
TKT-0719,2026-02-16,2026-W08,Account,Subscription change,Email,25,1,4.3,0
TKT-0720,2026-03-18,2026-W12,Billing,Payment failed,Chat,37,0,4.2,0
TKT-0721,2026-03-20,2026-W12,Playback,Audio and subtitles,Email,27,1,4.3,0
TKT-0722,2026-03-27,2026-W13,Playback,Audio and subtitles,Email,43,1,4.4,0
TKT-0723,2026-02-09,2026-W07,Playback,Buffering,Email,32,1,4.3,0
TKT-0724,2026-01-20,2026-W04,Playback,Audio and subtitles,Email,44,0,,0
TKT-0725,2026-02-14,2026-W07,Playback,Audio and subtitles,Chat,10,1,4.8,0
TKT-0726,2026-02-11,2026-W07,Playback,Audio and subtitles,Phone,31,1,4.5,0
TKT-0727,2026-03-15,2026-W11,Playback,Video quality,Email,29,1,,0
TKT-0728,2026-03-20,2026-W12,Playback,Buffering,Chat,14,1,4.0,0
TKT-0729,2026-01-18,2026-W03,Account,Subscription change,Chat,30,1,4.8,0
TKT-0730,2026-03-14,2026-W11,Billing,Invoice question,Email,36,1,,0
TKT-0731,2026-01-21,2026-W04,Devices,Compatibility,Chat,7,1,4.2,1
TKT-0732,2026-02-17,2026-W08,Account,Profile settings,Chat,19,1,4.5,0
TKT-0733,2026-01-21,2026-W04,Account,Sign-in,Chat,25,1,4.7,0
TKT-0734,2026-01-30,2026-W05,Account,Subscription change,Chat,16,1,4.8,0
TKT-0735,2026-01-17,2026-W03,Billing,Invoice question,Chat,36,0,3.6,1
TKT-0736,2026-02-09,2026-W07,Devices,Compatibility,Chat,20,0,,0
TKT-0737,2026-03-20,2026-W12,Billing,Invoice question,Chat,26,1,3.2,0
TKT-0738,2026-01-17,2026-W03,Devices,Device limit,Phone,28,1,4.1,0
TKT-0739,2026-02-19,2026-W08,Devices,Compatibility,Chat,28,1,4.0,1
TKT-0740,2026-01-22,2026-W04,Playback,Video quality,Email,43,1,4.1,1
TKT-0741,2026-03-22,2026-W12,Billing,Invoice question,Phone,43,1,4.4,0
TKT-0742,2026-01-13,2026-W03,Devices,Compatibility,Phone,34,1,3.6,1
TKT-0743,2026-03-12,2026-W11,Billing,Payment failed,Chat,25,1,4.2,0
TKT-0744,2026-01-26,2026-W05,Account,Sign-in,Chat,4,1,,0
TKT-0745,2026-02-28,2026-W09,Billing,Refund request,Email,44,0,3.3,0
TKT-0746,2026-02-19,2026-W08,Playback,Audio and subtitles,Phone,34,0,,0
TKT-0747,2026-03-08,2026-W10,Playback,Audio and subtitles,Phone,36,1,4.3,0
TKT-0748,2026-01-27,2026-W05,Playback,Audio and subtitles,Chat,24,1,4.1,0
TKT-0749,2026-03-09,2026-W11,Billing,Payment failed,Chat,24,1,4.4,0
TKT-0750,2026-01-07,2026-W02,Devices,Device activation,Phone,29,0,3.8,1
TKT-0751,2026-01-09,2026-W02,Account,Subscription change,Email,16,1,4.3,0
TKT-0752,2026-02-23,2026-W09,Playback,Buffering,Email,36,1,3.9,0
TKT-0753,2026-01-25,2026-W04,Playback,Video quality,Chat,26,1,4.4,0
TKT-0754,2026-01-12,2026-W03,Account,Sign-in,Chat,10,1,4.7,0
TKT-0755,2026-02-22,2026-W08,Account,Profile settings,Phone,11,1,4.3,1
TKT-0756,2026-01-15,2026-W03,Devices,Device activation,Phone,39,1,4.8,0
TKT-0757,2026-02-28,2026-W09,Playback,Video quality,Chat,27,1,4.1,0
TKT-0758,2026-03-19,2026-W12,Account,Profile settings,Chat,22,1,4.8,0
TKT-0759,2026-03-24,2026-W13,Playback,Video quality,Chat,17,1,,0
TKT-0760,2026-03-14,2026-W11,Account,Profile settings,Chat,18,0,,0
TKT-0761,2026-03-20,2026-W12,Account,Profile settings,Chat,29,1,4.7,0
TKT-0762,2026-02-12,2026-W07,Playback,Video quality,Chat,27,1,4.1,0
TKT-0763,2026-03-16,2026-W12,Account,Sign-in,Email,17,1,4.4,0
TKT-0764,2026-03-05,2026-W10,Playback,Audio and subtitles,Chat,12,1,3.9,0
TKT-0765,2026-03-12,2026-W11,Account,Profile settings,Chat,12,1,4.4,0
TKT-0766,2026-01-13,2026-W03,Billing,Refund request,Chat,41,1,3.7,1
TKT-0767,2026-01-24,2026-W04,Account,Sign-in,Email,28,1,3.9,0
TKT-0768,2026-01-30,2026-W05,Account,Sign-in,Chat,24,1,4.6,0
TKT-0769,2026-03-08,2026-W10,Billing,Payment failed,Phone,37,1,4.5,0
TKT-0770,2026-02-20,2026-W08,Billing,Payment failed,Chat,27,0,3.6,0
TKT-0771,2026-01-20,2026-W04,Playback,Audio and subtitles,Phone,26,0,4.1,0
TKT-0772,2026-02-14,2026-W07,Playback,Audio and subtitles,Email,37,0,4.2,0
TKT-0773,2026-02-01,2026-W05,Devices,Compatibility,Chat,36,0,3.6,1
TKT-0774,2026-03-15,2026-W11,Playback,Audio and subtitles,Chat,21,1,4.1,0
TKT-0775,2026-02-13,2026-W07,Account,Subscription change,Chat,17,1,,0
TKT-0776,2026-02-04,2026-W06,Playback,Video quality,Chat,26,0,4.0,0
TKT-0777,2026-03-02,2026-W10,Playback,Video quality,Phone,41,0,4.0,0
TKT-0778,2026-01-25,2026-W04,Devices,Device limit,Chat,28,0,,0
TKT-0779,2026-03-08,2026-W10,Playback,Video quality,Phone,24,1,4.6,0
TKT-0780,2026-02-07,2026-W06,Playback,Video quality,Chat,27,1,4.1,0
TKT-0781,2026-03-28,2026-W13,Billing,Invoice question,Chat,24,1,3.7,1
TKT-0782,2026-01-19,2026-W04,Account,Subscription change,Email,32,1,4.3,0
TKT-0783,2026-02-14,2026-W07,Playback,Audio and subtitles,Chat,20,1,4.3,0
TKT-0784,2026-02-21,2026-W08,Account,Profile settings,Phone,23,0,5.0,0
TKT-0785,2026-03-26,2026-W13,Account,Sign-in,Phone,15,1,4.4,0
TKT-0786,2026-02-07,2026-W06,Account,Profile settings,Chat,25,1,4.4,1
TKT-0787,2026-03-09,2026-W11,Account,Subscription change,Chat,4,0,4.5,0
TKT-0788,2026-03-01,2026-W09,Devices,Device limit,Chat,19,0,4.4,0
TKT-0789,2026-01-08,2026-W02,Playback,Video quality,Chat,36,1,4.2,0
TKT-0790,2026-03-06,2026-W10,Account,Profile settings,Phone,17,1,4.3,0
TKT-0791,2026-01-14,2026-W03,Account,Sign-in,Chat,21,0,4.0,0
TKT-0792,2026-03-22,2026-W12,Billing,Payment failed,Chat,25,1,4.1,0
TKT-0793,2026-03-17,2026-W12,Account,Sign-in,Chat,13,1,5.0,0
TKT-0794,2026-03-13,2026-W11,Playback,Video quality,Chat,29,1,4.8,0
TKT-0795,2026-03-01,2026-W09,Playback,Video quality,Email,22,1,4.7,0
TKT-0796,2026-03-08,2026-W10,Billing,Payment failed,Chat,28,0,4.0,0
TKT-0797,2026-01-28,2026-W05,Account,Profile settings,Chat,19,1,4.2,0
TKT-0798,2026-03-17,2026-W12,Playback,Video quality,Chat,24,1,4.5,0
TKT-0799,2026-01-26,2026-W05,Billing,Refund request,Email,50,1,4.8,0
TKT-0800,2026-01-28,2026-W05,Playback,Buffering,Chat,29,1,3.7,1
TKT-0801,2026-01-20,2026-W04,Playback,Audio and subtitles,Phone,50,1,,0
TKT-0802,2026-03-04,2026-W10,Devices,Device limit,Chat,23,1,,0
TKT-0803,2026-03-25,2026-W13,Devices,Compatibility,Phone,27,0,4.7,0
TKT-0804,2026-03-28,2026-W13,Playback,Buffering,Email,44,1,,0
TKT-0805,2026-02-06,2026-W06,Account,Profile settings,Chat,17,1,4.4,0
TKT-0806,2026-03-29,2026-W13,Account,Profile settings,Chat,12,1,5.0,0
TKT-0807,2026-01-17,2026-W03,Devices,Device limit,Chat,25,1,,0
TKT-0808,2026-02-28,2026-W09,Devices,Device limit,Chat,44,1,4.4,1
TKT-0809,2026-03-28,2026-W13,Billing,Payment failed,Phone,37,1,,0
TKT-0810,2026-03-05,2026-W10,Playback,Video quality,Chat,22,0,4.5,0
TKT-0811,2026-03-18,2026-W12,Account,Sign-in,Phone,13,1,5.0,0
TKT-0812,2026-02-06,2026-W06,Playback,Audio and subtitles,Chat,26,1,3.7,1
TKT-0813,2026-02-24,2026-W09,Account,Profile settings,Phone,9,1,4.9,0
TKT-0814,2026-02-07,2026-W06,Playback,Buffering,Chat,23,1,4.9,0
TKT-0815,2026-01-07,2026-W02,Account,Sign-in,Chat,7,1,4.9,0
TKT-0816,2026-03-08,2026-W10,Playback,Audio and subtitles,Chat,19,1,,0
TKT-0817,2026-01-06,2026-W02,Account,Sign-in,Email,32,1,4.4,1
TKT-0818,2026-03-26,2026-W13,Devices,Device limit,Chat,31,1,4.6,0
TKT-0819,2026-01-24,2026-W04,Billing,Refund request,Phone,39,1,4.3,0
TKT-0820,2026-02-24,2026-W09,Account,Sign-in,Chat,26,1,4.2,0
TKT-0821,2026-03-16,2026-W12,Devices,Device activation,Chat,27,1,4.0,0
TKT-0822,2026-03-08,2026-W10,Account,Sign-in,Chat,4,1,,0
TKT-0823,2026-03-28,2026-W13,Playback,Video quality,Chat,16,1,4.6,0
TKT-0824,2026-01-29,2026-W05,Playback,Video quality,Chat,19,1,4.8,0
TKT-0825,2026-03-05,2026-W10,Account,Profile settings,Email,33,1,4.5,0
TKT-0826,2026-03-06,2026-W10,Billing,Payment failed,Email,42,1,4.0,0
TKT-0827,2026-03-23,2026-W13,Playback,Video quality,Phone,4,1,4.0,0
TKT-0828,2026-02-07,2026-W06,Playback,Buffering,Chat,26,0,,0
TKT-0829,2026-02-03,2026-W06,Account,Sign-in,Chat,10,0,4.5,0
TKT-0830,2026-01-24,2026-W04,Devices,Device limit,Email,33,1,4.1,1
TKT-0831,2026-01-19,2026-W04,Devices,Device limit,Email,22,0,3.4,1
TKT-0832,2026-01-20,2026-W04,Devices,Compatibility,Chat,26,1,4.2,0
TKT-0833,2026-03-28,2026-W13,Playback,Buffering,Chat,21,1,5.0,0
TKT-0834,2026-03-06,2026-W10,Playback,Audio and subtitles,Chat,25,1,4.2,0
TKT-0835,2026-03-13,2026-W11,Playback,Buffering,Chat,20,1,4.9,0
TKT-0836,2026-02-20,2026-W08,Devices,Compatibility,Chat,24,1,4.6,0
TKT-0837,2026-01-26,2026-W05,Playback,Video quality,Email,36,1,4.8,0
TKT-0838,2026-03-12,2026-W11,Devices,Compatibility,Chat,30,1,4.3,0
TKT-0839,2026-01-06,2026-W02,Devices,Device limit,Email,20,1,4.6,0
TKT-0840,2026-03-25,2026-W13,Billing,Invoice question,Chat,25,0,4.2,0
TKT-0841,2026-03-14,2026-W11,Playback,Audio and subtitles,Email,31,0,4.3,0
TKT-0842,2026-02-13,2026-W07,Playback,Audio and subtitles,Chat,33,1,4.4,0
TKT-0843,2026-02-28,2026-W09,Devices,Device activation,Email,49,0,4.6,0
TKT-0844,2026-01-20,2026-W04,Playback,Audio and subtitles,Email,42,1,4.8,0
TKT-0845,2026-03-26,2026-W13,Billing,Invoice question,Chat,31,1,4.1,0
TKT-0846,2026-02-22,2026-W08,Playback,Buffering,Chat,22,1,4.2,0
TKT-0847,2026-02-28,2026-W09,Devices,Device activation,Chat,33,1,4.4,1
TKT-0848,2026-02-25,2026-W09,Playback,Audio and subtitles,Email,38,0,4.8,0
TKT-0849,2026-03-08,2026-W10,Billing,Refund request,Email,52,1,4.2,1
TKT-0850,2026-03-13,2026-W11,Account,Sign-in,Chat,25,1,4.9,0
TKT-0851,2026-02-26,2026-W09,Account,Profile settings,Email,21,1,5.0,0
TKT-0852,2026-03-08,2026-W10,Account,Sign-in,Chat,19,1,4.5,1
TKT-0853,2026-03-08,2026-W10,Account,Subscription change,Chat,13,1,4.0,0
TKT-0854,2026-02-22,2026-W08,Playback,Audio and subtitles,Email,27,1,4.4,0
TKT-0855,2026-01-24,2026-W04,Devices,Compatibility,Chat,16,1,4.5,0
TKT-0856,2026-01-10,2026-W02,Devices,Compatibility,Email,33,1,3.6,0
TKT-0857,2026-02-13,2026-W07,Playback,Buffering,Email,27,1,4.4,0
TKT-0858,2026-03-12,2026-W11,Account,Profile settings,Chat,4,1,5.0,0
TKT-0859,2026-01-31,2026-W05,Account,Subscription change,Email,21,1,4.4,0
TKT-0860,2026-03-08,2026-W10,Devices,Device activation,Chat,43,1,3.8,1
TKT-0861,2026-01-17,2026-W03,Playback,Video quality,Chat,32,1,3.7,1
TKT-0862,2026-03-24,2026-W13,Devices,Device activation,Chat,29,1,4.1,0
TKT-0863,2026-02-22,2026-W08,Devices,Device activation,Chat,30,1,3.8,0
TKT-0864,2026-01-19,2026-W04,Playback,Video quality,Chat,24,1,4.4,0
TKT-0865,2026-02-08,2026-W06,Playback,Audio and subtitles,Email,49,1,4.2,0
TKT-0866,2026-01-15,2026-W03,Devices,Device limit,Chat,34,0,4.1,0
TKT-0867,2026-02-28,2026-W09,Devices,Device limit,Chat,18,1,4.1,0
TKT-0868,2026-01-05,2026-W02,Account,Profile settings,Chat,36,1,4.7,0
TKT-0869,2026-03-11,2026-W11,Playback,Buffering,Email,29,1,4.6,0
TKT-0870,2026-03-17,2026-W12,Devices,Compatibility,Chat,30,1,4.9,0
TKT-0871,2026-03-03,2026-W10,Playback,Audio and subtitles,Phone,26,1,5.0,0
TKT-0872,2026-03-28,2026-W13,Devices,Device limit,Chat,28,0,4.6,0
TKT-0873,2026-02-24,2026-W09,Playback,Audio and subtitles,Email,26,1,4.2,0
TKT-0874,2026-02-22,2026-W08,Devices,Compatibility,Chat,28,0,4.3,0
TKT-0875,2026-01-29,2026-W05,Playback,Buffering,Email,38,1,4.6,0
TKT-0876,2026-03-26,2026-W13,Playback,Audio and subtitles,Chat,37,0,,0
TKT-0877,2026-03-09,2026-W11,Devices,Device limit,Email,34,1,4.2,0
TKT-0878,2026-03-10,2026-W11,Playback,Audio and subtitles,Chat,20,1,4.3,0
TKT-0879,2026-01-13,2026-W03,Account,Subscription change,Phone,18,0,,0
TKT-0880,2026-03-14,2026-W11,Billing,Invoice question,Email,58,1,4.3,0
TKT-0881,2026-02-15,2026-W07,Playback,Video quality,Chat,23,1,4.4,0
TKT-0882,2026-02-02,2026-W06,Account,Profile settings,Chat,4,1,5.0,0
TKT-0883,2026-02-02,2026-W06,Devices,Compatibility,Phone,23,0,4.6,0
TKT-0884,2026-01-08,2026-W02,Playback,Buffering,Email,37,1,4.5,0
TKT-0885,2026-02-17,2026-W08,Devices,Compatibility,Chat,36,1,3.7,1
TKT-0886,2026-03-03,2026-W10,Playback,Buffering,Phone,31,0,4.0,0
TKT-0887,2026-01-12,2026-W03,Devices,Compatibility,Chat,14,1,,0
TKT-0888,2026-01-12,2026-W03,Playback,Video quality,Email,20,1,4.7,0
TKT-0889,2026-03-25,2026-W13,Account,Profile settings,Chat,25,1,5.0,0
TKT-0890,2026-01-08,2026-W02,Playback,Video quality,Email,37,1,3.4,1
TKT-0891,2026-03-19,2026-W12,Account,Subscription change,Chat,11,1,4.8,0
TKT-0892,2026-01-12,2026-W03,Account,Subscription change,Chat,10,0,5.0,0
TKT-0893,2026-01-23,2026-W04,Playback,Audio and subtitles,Chat,17,1,,1
TKT-0894,2026-03-10,2026-W11,Devices,Device limit,Phone,27,1,4.9,0
TKT-0895,2026-02-17,2026-W08,Account,Profile settings,Email,15,0,3.6,0
TKT-0896,2026-03-24,2026-W13,Playback,Video quality,Chat,15,1,,0
TKT-0897,2026-02-02,2026-W06,Devices,Device limit,Chat,28,1,4.9,0
TKT-0898,2026-02-16,2026-W08,Billing,Refund request,Chat,30,1,,0
TKT-0899,2026-01-19,2026-W04,Account,Profile settings,Chat,19,1,,0
TKT-0900,2026-01-08,2026-W02,Account,Profile settings,Chat,11,0,4.8,0
TKT-0901,2026-01-07,2026-W02,Account,Profile settings,Phone,10,1,,0
TKT-0902,2026-01-31,2026-W05,Playback,Buffering,Chat,33,1,4.5,0
TKT-0903,2026-03-01,2026-W09,Devices,Device activation,Chat,20,0,3.1,1
TKT-0904,2026-02-14,2026-W07,Billing,Invoice question,Chat,29,1,3.5,0
TKT-0905,2026-02-15,2026-W07,Account,Subscription change,Email,19,0,4.7,0
TKT-0906,2026-01-15,2026-W03,Billing,Invoice question,Email,40,1,4.1,0
TKT-0907,2026-03-12,2026-W11,Playback,Video quality,Email,26,1,3.9,0
TKT-0908,2026-03-27,2026-W13,Devices,Device limit,Email,38,1,4.4,0
TKT-0909,2026-02-28,2026-W09,Devices,Device limit,Chat,32,0,,0
TKT-0910,2026-01-15,2026-W03,Playback,Audio and subtitles,Chat,18,1,4.0,0
TKT-0911,2026-02-26,2026-W09,Playback,Video quality,Chat,25,1,4.9,0
TKT-0912,2026-01-15,2026-W03,Playback,Audio and subtitles,Chat,27,1,,0
TKT-0913,2026-01-09,2026-W02,Playback,Video quality,Chat,23,1,4.2,0
TKT-0914,2026-03-23,2026-W13,Devices,Device limit,Email,37,0,4.0,1
TKT-0915,2026-02-25,2026-W09,Devices,Device limit,Email,25,1,5.0,0
TKT-0916,2026-02-03,2026-W06,Account,Subscription change,Chat,12,1,4.0,0
TKT-0917,2026-02-17,2026-W08,Billing,Refund request,Email,46,1,3.5,0
TKT-0918,2026-01-08,2026-W02,Playback,Audio and subtitles,Phone,35,1,4.1,0
TKT-0919,2026-02-02,2026-W06,Playback,Audio and subtitles,Email,27,1,3.9,0
TKT-0920,2026-01-09,2026-W02,Devices,Device activation,Phone,28,0,4.4,0
TKT-0921,2026-02-24,2026-W09,Devices,Device activation,Phone,27,1,3.8,0
TKT-0922,2026-03-27,2026-W13,Devices,Device activation,Chat,44,1,4.3,0
TKT-0923,2026-01-30,2026-W05,Account,Profile settings,Chat,15,1,,0
TKT-0924,2026-01-12,2026-W03,Playback,Buffering,Chat,26,0,4.3,0
TKT-0925,2026-03-07,2026-W10,Billing,Refund request,Phone,49,0,4.0,1
TKT-0926,2026-03-06,2026-W10,Account,Subscription change,Phone,18,1,,0
TKT-0927,2026-01-23,2026-W04,Playback,Video quality,Email,28,1,3.9,0
TKT-0928,2026-01-10,2026-W02,Billing,Refund request,Email,44,0,4.0,0
TKT-0929,2026-01-27,2026-W05,Playback,Buffering,Phone,22,1,4.5,0
TKT-0930,2026-02-24,2026-W09,Billing,Payment failed,Chat,41,0,3.8,0
TKT-0931,2026-02-01,2026-W05,Devices,Compatibility,Phone,49,1,,0
TKT-0932,2026-01-18,2026-W03,Playback,Video quality,Chat,26,1,4.3,0
TKT-0933,2026-03-05,2026-W10,Playback,Audio and subtitles,Chat,29,1,4.6,1
TKT-0934,2026-03-05,2026-W10,Playback,Buffering,Chat,16,1,4.6,0
TKT-0935,2026-01-25,2026-W04,Account,Sign-in,Email,22,1,4.4,0
TKT-0936,2026-01-06,2026-W02,Billing,Payment failed,Chat,39,1,3.8,0
TKT-0937,2026-01-11,2026-W02,Devices,Device limit,Email,32,1,,0
TKT-0938,2026-01-05,2026-W02,Account,Profile settings,Email,27,0,4.7,0
TKT-0939,2026-01-06,2026-W02,Playback,Buffering,Email,37,1,,0
TKT-0940,2026-01-26,2026-W05,Billing,Payment failed,Chat,27,1,4.0,0
TKT-0941,2026-03-15,2026-W11,Playback,Video quality,Chat,28,1,4.8,0
TKT-0942,2026-02-23,2026-W09,Account,Sign-in,Chat,14,1,4.8,0
TKT-0943,2026-02-12,2026-W07,Billing,Refund request,Phone,53,1,4.1,0
TKT-0944,2026-01-17,2026-W03,Billing,Invoice question,Email,41,0,3.6,0
TKT-0945,2026-02-14,2026-W07,Devices,Device limit,Chat,20,1,4.1,0
TKT-0946,2026-02-03,2026-W06,Playback,Audio and subtitles,Phone,35,1,4.2,0
TKT-0947,2026-02-05,2026-W06,Billing,Payment failed,Chat,24,1,4.5,0
TKT-0948,2026-03-22,2026-W12,Devices,Compatibility,Email,29,1,3.8,0
TKT-0949,2026-02-27,2026-W09,Billing,Refund request,Email,41,1,,0
TKT-0950,2026-02-05,2026-W06,Billing,Invoice question,Email,48,1,4.1,0
TKT-0951,2026-03-08,2026-W10,Account,Sign-in,Chat,17,0,,0
TKT-0952,2026-01-27,2026-W05,Billing,Payment failed,Chat,27,1,4.7,0
TKT-0953,2026-01-27,2026-W05,Billing,Refund request,Chat,30,1,,0
TKT-0954,2026-02-20,2026-W08,Playback,Buffering,Chat,37,1,4.9,0
TKT-0955,2026-03-07,2026-W10,Account,Profile settings,Chat,32,1,4.3,0
TKT-0956,2026-01-27,2026-W05,Playback,Video quality,Chat,22,1,4.0,0
TKT-0957,2026-01-30,2026-W05,Account,Sign-in,Chat,27,0,4.1,0
TKT-0958,2026-02-24,2026-W09,Devices,Compatibility,Chat,31,1,,0
TKT-0959,2026-01-09,2026-W02,Devices,Device activation,Chat,21,1,4.3,0
TKT-0960,2026-02-18,2026-W08,Playback,Video quality,Email,33,1,4.2,1
